job_id,emitter_pdg,product,mcp_mass_GeV,EventID,total_primary_energy_MeV,total_primary_charge_ke,cluster1_NPixels,cluster1_Energy_MeV,cluster1_Charge_ke,cluster1_x_cm,cluster1_y_cm,cluster1_z_cm,cluster2_NPixels,cluster2_Energy_MeV,cluster2_Charge_ke,cluster2_x_cm,cluster2_y_cm,cluster2_z_cm,Distance_cm,Theta_z_deg,output
0,111,pi0,0.02045833,1749049,1.7086364454984186,37.21410178295556,1,1.0980421328981176,23.915357654521003,16.638403143542615,38.97027502011072,36.581630000000004,1,0.6105943126003011,13.298744128434558,16.624130624931638,38.93844180229063,-48.46791714285714,85.04955429785404,0.023502082010506384,/pscratch/sd/h/hogcai/mcp-geant4/output/mcp_pi0_0p020458.root
0,111,pi0,0.02045833,1770727,1.2915766045913404,28.1305384479994,1,0.3220049402242651,7.013267598084495,39.860502789600204,-18.296908300833437,36.581630000000004,1,0.9695716643670753,21.117270849914902,39.82747817568907,-18.28146218776403,-48.46791714285714,85.04955495716959,0.02456105383918706,/pscratch/sd/h/hogcai/mcp-geant4/output/mcp_pi0_0p020458.root
0,111,pi0,0.02045833,2195504,0.6496438210777329,14.149242423073023,1,0.395867845004083,8.622001664188929,-18.597151359458344,26.424369152191776,16.77115142857143,1,0.2537759760736498,5.527240758884093,-18.590715252252103,26.414108131260992,-34.820698571428565,51.59185142185271,0.013451613502641365,/pscratch/sd/h/hogcai/mcp-geant4/output/mcp_pi0_0p020458.root
0,111,pi0,0.02045833,2813633,0.5014668800273985,10.92194864699674,1,0.2431430609361204,5.295655867188702,-53.35378313054822,12.336083034097681,-48.46791714285714,1,0.2583238190912781,5.626292779808037,-53.37306974773393,12.339602093599847,-13.689521428571425,34.77840124009195,0.03229837371647191,/pscratch/sd/h/hogcai/mcp-geant4/output/mcp_pi0_0p020458.root
0,111,pi0,0.02045833,3451940,0.7637983766966374,16.635528644452762,1,0.47204205456780396,10.281075948486771,42.096873099697284,-24.485069510308513,26.45627428571429,1,0.29175632212883346,6.354452695965993,42.07324234193236,-24.47060674909168,-32.61953428571429,59.075815068031424,0.026870511404598535,/pscratch/sd/h/hogcai/mcp-geant4/output/mcp_pi0_0p020458.root
0,111,pi0,0.02045833,3835037,0.5531520362158278,12.047651348780729,1,0.28711906491898587,6.253453233935512,53.09605020399209,3.9915811976025104,-52.870245714285716,1,0.2660329712968419,5.794198114845217,53.10284436628977,3.992289760976741,-39.663259999999994,13.206987480877329,0.02963492506148512,/pscratch/sd/h/hogcai/mcp-geant4/output/mcp_pi0_0p020458.root
0,111,pi0,0.02045833,3900368,0.6626510393498766,14.432539637040314,1,0.34336668768890066,7.478526457864257,-56.096062590864655,27.83969482140488,-40.54372571428571,1,0.31928435166097596,6.954013179176057,-56.109518878326256,27.84641345306636,-15.450452857142855,25.093277364559338,0.034341778865295464,/pscratch/sd/h/hogcai/mcp-geant4/output/mcp_pi0_0p020458.root
0,111,pi0,0.02045833,4628733,1.4078585632769838,30.66315950817271,1,0.8579105988102723,18.685292842087733,-34.49204227743853,-0.02849603222713243,29.09767142857143,1,0.5499479644667115,11.977866666084976,-34.464147335258744,-0.030177011726457998,-51.10931428571429,80.20699058264887,0.01996287119612349,/pscratch/sd/h/hogcai/mcp-geant4/output/mcp_pi0_0p020458.root
0,111,pi0,0.02045833,4746266,0.7961405169313025,17.33994045876377,1,0.4352645779953761,9.480062508739293,-7.523045541018732,1.7647509842482951,-50.66908142857143,1,0.3608759389359264,7.859877950024478,-7.5255918269542645,1.765351467277155,-16.771151428571425,33.897930100952365,0.004421903732758779,/pscratch/sd/h/hogcai/mcp-geant4/output/mcp_pi0_0p020458.root
0,111,pi0,0.02045833,5455242,1.2580836891098355,27.401062748812215,1,0.7953640466224925,17.323028935437886,32.26140571687834,-1.5023160273737215,45.38628714285714,1,0.462719642487343,10.078033813374331,32.23691036466403,-1.5014275775675077,-32.17930142857143,77.56559244435482,0.01810600718047683,/pscratch/sd/h/hogcai/mcp-geant4/output/mcp_pi0_0p020458.root
0,111,pi0,0.02045833,5505543,0.9945679750014689,21.661690495531992,1,0.5244474041690904,11.42246446280279,18.59081923170932,42.84207428918427,-30.858602857142852,1,0.4701205708323785,10.239226032729205,18.591599476891684,42.843868676270894,-26.456274285714283,4.402329006267463,0.025465990743841004,/pscratch/sd/h/hogcai/mcp-geant4/output/mcp_pi0_0p020458.root
0,111,pi0,0.02045833,5548189,0.8960616187810351,19.516222057050943,1,0.3100117605861065,6.7520561455654,-42.00104229965926,-4.418444462566311,48.90815,1,0.5860498581949285,12.764165911485543,-41.9680786019063,-4.413803247660466,-32.61953428571429,81.52769108184869,0.023394622470696916,/pscratch/sd/h/hogcai/mcp-geant4/output/mcp_pi0_0p020458.root
0,111,pi0,0.02045833,6282704,1.2456076869908457,27.129335422660624,1,0.7647442544938515,16.65612986287609,46.486833960402166,-46.076971776419704,34.82069857142857,1,0.48086343249699426,10.473205559784535,46.45867749673055,-46.04878225306474,-29.097671428571424,63.91838241767835,0.03571453110548901,/pscratch/sd/h/hogcai/mcp-geant4/output/mcp_pi0_0p020458.root
0,111,pi0,0.02045833,6463895,0.9859280560865147,21.47351306156429,1,0.354204870103169,7.714582070847021,-25.811514416609025,-12.598057958197527,46.26675285714286,1,0.6317231859833458,13.758930990717271,-25.786471797407337,-12.583981471283526,-54.19094428571428,100.45770125045799,0.01638476175949837,/pscratch/sd/h/hogcai/mcp-geant4/output/mcp_pi0_0p020458.root
0,111,pi0,0.02045833,6776326,1.4442000636342147,31.454677385953197,1,0.6437892361358022,14.021729563037772,-33.4485688606879,-18.490065315490476,43.62535571428572,1,0.8004108274984124,17.432947822915423,-33.44790127981206,-18.489755280607934,48.46791714285715,4.842561484511437,0.008708860240174145,/pscratch/sd/h/hogcai/mcp-geant4/output/mcp_pi0_0p020458.root
0,111,pi0,0.02045833,6978076,1.0882428804206827,23.701929935562468,1,0.5534256662257883,12.053611010397669,-25.116630080429882,-10.676457834461555,-49.34838285714286,1,0.5348172141948944,11.6483189251648,-25.121233893221216,-10.674624562703368,-16.771151428571425,32.57723180546009,0.008715394906567323,/pscratch/sd/h/hogcai/mcp-geant4/output/mcp_pi0_0p020458.root
0,111,pi0,0.02045833,8426227,1.0215658099480671,22.2497033406689,1,0.28951106282557953,6.305550948341122,7.934291342045282,17.415035940116116,20.733247142857145,1,0.7320547471224875,15.94415239232778,7.934556484638155,17.416513368337732,25.575808571428574,4.84256166120603,0.017759764708570654,/pscratch/sd/h/hogcai/mcp-geant4/output/mcp_pi0_0p020458.root
1,221,eta,0.02045833,20767,0.651575303934617,14.19131011969596,1,0.4199736739861451,9.147026619418241,40.32134686475445,-18.048273310337034,43.62535571428572,1,0.23160162994847194,5.044283500277719,40.29171780577168,-18.033325456037428,-39.22302714285714,82.84838950373874,0.0229506629361986,/pscratch/sd/h/hogcai/mcp-geant4/output/mcp_eta_0p020458.root
1,221,eta,0.02045833,898326,0.7255034820891835,15.801465839902416,1,0.35304286211342273,7.689273536830347,-28.575757871830824,-19.08710764807649,48.46791714285715,1,0.37246061997576074,8.112192303072069,-28.553766181045273,-19.07324989117855,-27.77697285714286,76.24489443093215,0.01953348792560056,/pscratch/sd/h/hogcai/mcp-geant4/output/mcp_eta_0p020458.root
1,221,eta,0.02045833,1786493,1.7086364443977506,37.21410175898301,1,1.0980421317974496,23.915357630548453,12.84788114423019,-50.00852604340833,33.5,1,0.6105943126003011,13.298744128434558,12.844289513613536,-49.96533723329335,-51.54954714285715,85.04955818449741,0.029195666955187907,/pscratch/sd/h/hogcai/mcp-geant4/output/mcp_eta_0p020458.root
1,221,eta,0.02045833,2603305,1.0859393774886132,23.651759641701997,1,0.297151262907364,6.471954506122388,-5.188702747133132,-9.1006282737049,-50.66908142857143,1,0.7887881145812492,17.17980513557961,-5.18944240419569,-9.102588480678786,-29.97813714285714,20.69094439178736,0.005801630214036667,/pscratch/sd/h/hogcai/mcp-geant4/output/mcp_eta_0p020458.root
1,221,eta,0.02045833,3417408,0.7202019463575532,15.68599839166751,1,0.40945743658785194,8.917982968883416,-23.28040550645412,12.04368329303974,28.65743857142857,1,0.31074450976970125,6.768015422784093,-23.268324781614282,12.039499465081466,-23.814877142857142,52.47231727175773,0.013959910558435255,/pscratch/sd/h/hogcai/mcp-geant4/output/mcp_eta_0p020458.root
1,221,eta,0.02045833,3426415,0.7131685412774602,15.532810829023084,1,0.3380949337108,7.363707656221225,59.43722889354564,38.30073165593156,16.330918571428573,1,0.3750736075666602,8.16910317280186,59.44578873822485,38.30593422269321,30.41837,14.08745498981278,0.04074009830048438,/pscratch/sd/h/hogcai/mcp-geant4/output/mcp_eta_0p020458.root
1,221,eta,0.02045833,3924858,1.0268513880651435,22.36482323205883,1,0.36853041288924976,8.02659239272786,-5.79376548809747,48.46254644913772,38.78279428571429,1,0.6583209751758938,14.338230839330969,-5.789533390621203,48.42960807646707,-31.298835714285712,70.08163786830288,0.027150388427257775,/pscratch/sd/h/hogcai/mcp-geant4/output/mcp_eta_0p020458.root
1,221,eta,0.02045833,3926198,0.9893615673942342,21.54829493784642,1,0.7008029071189336,15.263487317050373,-57.885228088051555,14.991733562273566,49.78861571428572,1,0.2885586602753007,6.284807620796049,-57.86303040622904,14.990028240063163,-50.66908142857143,100.45769960979203,0.012697694094089114,/pscratch/sd/h/hogcai/mcp-geant4/output/mcp_eta_0p020458.root
1,221,eta,0.02045833,6114964,0.8041060791114228,17.51343040304679,1,0.43048419468494264,9.375945760238052,8.652168194820282,-22.8386329370837,30.85860285714286,1,0.3736218844264802,8.137484642808738,8.645393841373744,-22.821315388420036,-49.78861571428571,80.64722071526786,0.0132111018909275,/pscratch/sd/h/hogcai/mcp-geant4/output/mcp_eta_0p020458.root
1,221,eta,0.02045833,6419146,1.245607701270023,27.129335733661105,1,0.7647442687730289,16.65613017387657,-57.42273711207027,-26.856970941421146,46.26675285714286,1,0.48086343249699426,10.473205559784535,-57.3866224076953,-26.840624089393533,-17.65161714285714,63.918382292955,0.035534719825661074,/pscratch/sd/h/hogcai/mcp-geant4/output/mcp_eta_0p020458.root
1,221,eta,0.02045833,7174995,0.625955641030963,13.633313861654376,1,0.4385395624059616,9.551391669201845,62.34661132790749,-18.38688126076459,41.86442428571429,1,0.18741607862500143,4.081922192452531,62.30144261291788,-18.3741576105818,-28.65743857142857,70.52187847005888,0.03812569015313074,/pscratch/sd/h/hogcai/mcp-geant4/output/mcp_eta_0p020458.root
1,221,eta,0.02045833,7565421,0.7739440462868623,16.856501328127862,1,0.2785689947101707,6.067232704787519,61.81227052417246,34.67928326132308,-44.50582142857142,1,0.4953750515766916,10.789268623340343,61.82326504662241,34.68557264770149,-26.01604142857143,18.489784338501753,0.03925017567373074,/pscratch/sd/h/hogcai/mcp-geant4/output/mcp_eta_0p020458.root
1,221,eta,0.02045833,7831930,1.4145164059606503,30.808167321822964,1,0.5221284074640207,11.371956714566371,-23.485894246254293,-41.0932445675448,25.575808571428574,1,0.8923879984966295,19.43621060725659,-23.491766107424947,-41.097602308511725,39.66326,14.087453326312001,0.029739921071275738,/pscratch/sd/h/hogcai/mcp-geant4/output/mcp_eta_0p020458.root
1,221,eta,0.02045833,8112460,1.2872648309140566,28.036628017308153,1,0.3959589489224371,8.623985907530681,57.56260915811771,-11.93620214704519,-39.663259999999994,1,0.8913058819916194,19.412642109777472,57.57576088186691,-11.938807138259685,-15.890685714285713,23.772578066411324,0.032313606623355064,/pscratch/sd/h/hogcai/mcp-geant4/output/mcp_eta_0p020458.root
1,221,eta,0.02045833,8958836,1.3415469255122816,29.218892037657497,1,0.40116116018633297,8.737290068858332,18.69667715050515,-51.433896655728596,13.689521428571428,1,0.9403857653259488,20.481601968799165,18.687374365143942,-51.40666321422299,-42.304657142857145,55.99418596685894,0.02944746359074299,/pscratch/sd/h/hogcai/mcp-geant4/output/mcp_eta_0p020458.root
1,221,eta,0.02045833,9404475,0.8754605443421235,19.067530655771453,1,0.5409663279217309,11.7822466221353,55.5570806111855,-1.5596513752985641,14.56998714285714,1,0.3344942164203926,7.2852840336361515,55.55804680441329,-1.5594722321532086,16.330918571428573,1.760931702750633,0.0319730180712913,/pscratch/sd/h/hogcai/mcp-geant4/output/mcp_eta_0p020458.root
1,221,eta,0.02045833,9424419,1.3108216789730247,28.549696168032476,1,0.8561289455482219,18.646488434040275,39.07546682704867,-35.85723649211617,24.695342857142855,1,0.45469273342480265,9.903207733992202,39.07676276596681,-35.85812771371494,28.21720571428572,3.5218632083396018,0.025587427715099954,/pscratch/sd/h/hogcai/mcp-geant4/output/mcp_eta_0p020458.root
1,221,eta,0.02045833,9822912,1.2942930267992758,28.189702123688228,1,0.6898042433059516,15.023936419203626,-5.5138703264259314,-38.62403573624793,37.902328571428576,1,0.6044887834933244,13.165765704484604,-5.515256733122273,-38.607755845115314,-15.450452857142855,53.35278393038076,0.017546325955490334,/pscratch/sd/h/hogcai/mcp-geant4/output/mcp_eta_0p020458.root
1,221,eta,0.02045833,9874610,0.8138417317724694,17.725472918004385,1,0.40186031841868225,8.7525177351589,-43.81927401378888,28.080808078370296,52.430012857142856,1,0.4119814133537872,8.972955182845485,-43.79608771823352,28.059234648924054,-12.80905571428571,65.23907625867122,0.027814357231541607,/pscratch/sd/h/hogcai/mcp-geant4/output/mcp_eta_0p020458.root
2,221,eta,0.21493185,855181,0.9699022265492736,21.124470494243184,1,0.5524116693621652,12.03152615870796,48.815879239555365,-45.183354763577185,35.260931428571425,1,0.4174905571871084,9.092944335535222,48.82181870564564,-45.18884037499741,48.027684285714294,12.766755417276375,0.036285129310619474,/pscratch/sd/h/hogcai/mcp-geant4/output/mcp_eta_0p214932.root
2,221,eta,0.21493185,2513063,1.0008080583166692,21.797599510137058,1,0.7027326386914698,15.305516870700215,-49.579241092474604,38.43559887969717,29.09767142857143,1,0.2980754196251994,6.492082639436843,-49.54179645851907,38.39368992674446,-53.75071142857142,82.84840191883409,0.038866576300223235,/pscratch/sd/h/hogcai/mcp-geant4/output/mcp_eta_0p214932.root
2,221,eta,0.21493185,2528843,1.0859393774886132,23.651759641701997,1,0.297151262907364,6.471954506122388,-50.935415153191805,-44.10000992563858,-49.78861571428571,1,0.7887881145812492,17.17980513557961,-50.94536649572082,-44.10901606906772,-29.097671428571424,20.690948638822007,0.037166113049193976,/pscratch/sd/h/hogcai/mcp-geant4/output/mcp_eta_0p214932.root
2,221,eta,0.21493185,2574109,0.5306614767242972,11.557806963055192,1,0.29417609887678253,6.407155433536324,-31.15243860753771,-32.27277813092138,-35.260931428571425,1,0.23648537784751464,5.1506515295188695,-31.16152659350621,-32.277777567052524,-14.12975428571428,21.13117968852328,0.028123960906236745,/pscratch/sd/h/hogcai/mcp-geant4/output/mcp_eta_0p214932.root
2,221,eta,0.21493185,3328583,0.7131685412774602,15.532810829023084,1,0.3380949337108,7.363707656221225,-55.04992449798847,16.866639608007443,28.21720571428572,1,0.3750736075666602,8.16910317280186,-55.057650470976014,16.86905880608253,42.304657142857145,14.087453754867736,0.032927131667154434,/pscratch/sd/h/hogcai/mcp-geant4/output/mcp_eta_0p214932.root
2,221,eta,0.21493185,3759632,1.0685809776900812,23.27369369408997,1,0.7052476581554235,15.360293994625124,29.6958657064688,50.6075834910137,30.41837,1,0.3633333195346578,7.913399699464847,29.67996404363705,50.57885561193094,-29.97813714285714,60.39651606848785,0.031149504953956353,/pscratch/sd/h/hogcai/mcp-geant4/output/mcp_eta_0p214932.root
2,221,eta,0.21493185,3933598,1.0111046081187658,22.02185836482672,1,0.6109317084300392,13.306092609606255,12.816236443681996,-8.885206652357372,-38.34256142857143,1,0.40017289968872666,8.715765755220467,12.817220971617122,-8.885862339589996,-30.858602857142852,7.4839586649099195,0.009055958240179742,/pscratch/sd/h/hogcai/mcp-geant4/output/mcp_eta_0p214932.root
2,221,eta,0.21493185,4541766,0.936603043084004,20.39921427836961,1,0.2355365168343456,5.129985336652047,21.73672900980841,40.05023471122071,18.09185,1,0.7010665262496584,15.26922894171756,21.723705297687804,40.02695596613276,-42.304657142857145,60.396513033239295,0.025304830737110984,/pscratch/sd/h/hogcai/mcp-geant4/output/mcp_eta_0p214932.root
2,221,eta,0.21493185,5116047,1.5216982793647988,33.14258852456532,1,0.7662449418303794,16.688814833065663,-50.06586060699522,-34.66231217168924,49.78861571428572,1,0.7554533375344195,16.453773691499656,-50.02758582976086,-34.635972999571116,-29.97813714285714,79.7667663885347,0.033373202082602554,/pscratch/sd/h/hogcai/mcp-geant4/output/mcp_eta_0p214932.root
2,221,eta,0.21493185,5361754,0.7490817567275453,16.315000661525936,1,0.44750921291901946,9.746750657376245,10.24364899737282,25.117816248657366,24.255110000000002,1,0.30157254380852583,6.568250004149693,10.240789791100632,25.10869642903318,-16.771151428571425,41.02626254183603,0.013347682077623194,/pscratch/sd/h/hogcai/mcp-geant4/output/mcp_eta_0p214932.root
2,221,eta,0.21493185,5511157,0.6065113087424396,13.209816304410337,1,0.1956574126921366,4.2614184484347355,-5.94803719053803,-50.43036603248232,26.01604142857143,1,0.41085389605030304,8.948397855975601,-5.948641305199002,-50.43682099454503,39.22302714285714,13.206987305545372,0.02812589046862985,/pscratch/sd/h/hogcai/mcp-geant4/output/mcp_eta_0p214932.root
2,221,eta,0.21493185,6727441,1.4441999462853146,31.45467483009415,1,0.6437892361358022,14.021729563037772,-38.26870927425023,-37.71923025962728,36.581630000000004,1,0.8004107101495124,17.43294526705638,-38.270403958677086,-37.720305378437814,41.42419142857143,4.8425618444500556,0.023745610845046904,/pscratch/sd/h/hogcai/mcp-geant4/output/mcp_eta_0p214932.root
2,221,eta,0.21493185,7101629,0.5728506443082031,12.476687033032663,1,0.31295227804106895,6.816100615734483,12.380810257967894,-3.5880627656919812,-51.10931428571429,1,0.2598983662671341,5.66058641729818,12.382628285644442,-3.5886093218737196,-35.701164285714285,15.408150116949422,0.007059296249034497,/pscratch/sd/h/hogcai/mcp-geant4/output/mcp_eta_0p214932.root
2,221,eta,0.21493185,7301128,0.6813602335709777,14.840025887175896,1,0.4205169852634461,9.158859939037857,-40.33765076576064,-26.71828321268925,15.450452857142858,1,0.26084324830753164,5.681165948138039,-40.31256465992959,-26.702207393916314,-48.90815,64.35860975400333,0.026525283055149642,/pscratch/sd/h/hogcai/mcp-geant4/output/mcp_eta_0p214932.root
2,221,eta,0.21493185,8177704,0.7573553212582722,16.495198897005167,1,0.41593266003017937,9.059013335457307,47.02266358800833,-31.840666180757392,25.575808571428574,1,0.3414226612280928,7.436185561547862,46.98991019895076,-31.817982549100485,-47.147218571428574,72.72303805639845,0.03138950572652377,/pscratch/sd/h/hogcai/mcp-geant4/output/mcp_eta_0p214932.root
2,221,eta,0.21493185,8613704,0.6100727916257398,13.287385401608613,1,0.2530387522296363,5.511184023561479,-24.05646194949231,1.7215583495916433,-48.02768428571429,1,0.3570340393961035,7.776201378047134,-24.059782964643894,1.7225847738266151,-36.141397142857144,11.886287651118804,0.0167555307824031,/pscratch/sd/h/hogcai/mcp-geant4/output/mcp_eta_0p214932.root
2,221,eta,0.21493185,8670117,0.7044518366301759,15.342961001805232,1,0.40749614619334323,8.875266064091017,30.825400822527975,-15.232320951464336,30.41837,1,0.2969556904368326,6.4676949377142146,30.800788896047873,-15.216773157944882,-51.989779999999996,82.40815514197189,0.020240320534289265,/pscratch/sd/h/hogcai/mcp-geant4/output/mcp_eta_0p214932.root
2,221,eta,0.21493185,8783499,1.0568450380613315,23.018084928975803,1,0.5471847783783207,11.917684473079825,-37.118287881426596,-29.730189035182292,-42.304657142857145,1,0.5096602596830108,11.100400455895976,-37.1273706836854,-29.737472024936373,-16.771151428571425,25.53350836843026,0.0261243006456233,/pscratch/sd/h/hogcai/mcp-geant4/output/mcp_eta_0p214932.root
2,221,eta,0.21493185,9158327,1.3108214976888701,28.54969221966359,1,0.8561287642640675,18.64648448567139,61.29829876192002,31.64560233428917,-28.65743857142857,1,0.45469273342480265,9.903207733992202,61.30035709319016,31.646676156799025,-25.135575714285714,3.521863622337589,0.03776916265636409,/pscratch/sd/h/hogcai/mcp-geant4/output/mcp_eta_0p214932.root
2,221,eta,0.21493185,9998318,0.8601503630340086,18.73407490688071,1,0.6126227680907648,13.342923889016857,-13.562316368729649,38.29892892885224,38.78279428571429,1,0.2475275949432439,5.391151017863852,-13.56325809310393,38.301281941607456,45.38628714285714,6.6034933435152725,0.02199050638570122,/pscratch/sd/h/hogcai/mcp-geant4/output/mcp_eta_0p214932.root
3,331,etap,0.02045833,97404,1.1084492438953943,24.142024532041688,1,0.477941042624522,10.409555908362089,-18.393427790558842,-20.438516299783775,-50.22884857142857,1,0.6305082012708724,13.732468623679601,-18.399545000284203,-20.44399398365684,-19.41254857142857,30.81630109398718,0.015266992534115682,/pscratch/sd/h/hogcai/mcp-geant4/output/mcp_etap_0p020458.root
3,331,etap,0.02045833,534903,1.1820376084927333,25.744779112971734,1,0.9455391607934672,20.593842922081716,-41.42562007249266,-16.413723920071355,22.49417857142857,1,0.23649844769926615,5.150936190890017,-41.40420869500115,-16.40528014423534,-33.94023285714285,56.43441612202353,0.023367476273389785,/pscratch/sd/h/hogcai/mcp-geant4/output/mcp_etap_0p020458.root
3,331,etap,0.02045833,1491485,0.4381612600088032,9.543152242991734,1,0.28249881105117963,6.152824104694693,23.94638379982947,26.835369701826675,22.053945714285714,1,0.15566244895762357,3.3903281382970416,23.93787502344858,26.825143311048123,-13.689521428571425,35.743469618531044,0.021324850666015447,/pscratch/sd/h/hogcai/mcp-geant4/output/mcp_etap_0p020458.root
3,331,etap,0.02045833,3281341,0.7202019084920026,15.685997566955816,1,0.4094574128811798,8.917982452552097,44.039824706172126,9.789193379856568,30.41837,1,0.31074449561082274,6.7680151144037195,44.01829584185142,9.783920956304737,-22.05394571428571,52.47232039571077,0.024202572856779014,/pscratch/sd/h/hogcai/mcp-geant4/output/mcp_etap_0p020458.root
3,331,etap,0.02045833,3289954,0.7131685412774602,15.532810829023084,1,0.3380949337108,7.363707656221225,27.56202727453973,22.854645040135097,-27.33674,1,0.3750736075666602,8.16910317280186,27.566960779592375,22.85903413523587,-13.249288571428568,14.087452976176607,0.026856627862527436,/pscratch/sd/h/hogcai/mcp-geant4/output/mcp_etap_0p020458.root
3,331,etap,0.02045833,4103579,0.5409078035427054,11.780971961160125,1,0.2351414305601813,5.121380357600749,-20.021508331442682,7.031431044107686,40.98395857142857,1,0.3057663729825241,6.659591603559376,-20.02371622827148,7.032322834876314,52.870245714285716,11.886287381371451,0.011478145779342594,/pscratch/sd/h/hogcai/mcp-geant4/output/mcp_etap_0p020458.root
3,331,etap,0.02045833,6243266,0.6518626125598461,14.197567701553448,1,0.30198630050130687,6.577261624918464,-7.806872605213772,-12.152191737793448,26.01604142857143,1,0.3498763120585392,7.620306076634984,-7.802420136929631,-12.145996792396136,-22.05394571428571,48.069987748243435,0.009093203595931633,/pscratch/sd/h/hogcai/mcp-geant4/output/mcp_etap_0p020458.root
3,331,etap,0.02045833,6647816,1.4442004712974836,31.45468626485919,1,0.6437892361358022,14.021729563037772,-33.616217884294386,27.428370537348325,44.06558857142857,1,0.8004112351616813,17.43295670182142,-33.61775673586699,27.429703435263853,48.90815,4.84256185651446,0.02408757192213686,/pscratch/sd/h/hogcai/mcp-geant4/output/mcp_etap_0p020458.root
3,331,etap,0.02045833,7082523,0.6436293978389112,14.018248284931486,1,0.2491280216847068,5.426008312292915,-50.90152601243685,27.426454799150797,51.10931428571429,1,0.39450137615420433,8.592239972638572,-50.85614065411098,27.4021004944784,-40.98395857142857,92.09328726081544,0.03204499945599088,/pscratch/sd/h/hogcai/mcp-geant4/output/mcp_etap_0p020458.root
3,331,etap,0.02045833,7450820,0.7175149683110741,15.627476009815194,1,0.4580151600732527,9.975570186395444,25.670266713806456,-2.787616787509776,29.537904285714284,1,0.25949980823782137,5.6519058234197495,25.65348256368759,-2.786354930849996,-37.46209571428572,67.0000021141789,0.014393655032825524,/pscratch/sd/h/hogcai/mcp-geant4/output/mcp_etap_0p020458.root
3,331,etap,0.02045833,7521887,1.38002686111591,30.056985035104525,1,1.1192234186006096,24.37668605712128,25.66463713367417,22.999577997956358,46.26675285714286,1,0.26080344251530047,5.680298977983244,25.64833892648017,22.983905641635566,-26.456274285714283,72.72303065793565,0.017814316411069897,/pscratch/sd/h/hogcai/mcp-geant4/output/mcp_etap_0p020458.root
3,331,etap,0.02045833,7655931,0.9974213156407468,21.723836254655467,1,0.33581757303383797,7.3141067406769915,-34.38416937014499,-29.55628682672628,-33.05976714285714,1,0.6616037426069088,14.409729513978474,-34.39061480997808,-29.56194663338382,-13.249288571428568,19.810480428453435,0.02480841332518268,/pscratch/sd/h/hogcai/mcp-geant4/output/mcp_etap_0p020458.root
3,331,etap,0.02045833,8019369,1.6440471838402413,35.807347664040456,1,0.49596609146077264,10.802141472015629,-53.81946452102485,-12.425166900766111,15.01022,1,1.1480810923794686,25.00520619202483,-53.79156158116716,-12.418830685977255,-39.22302714285714,54.23325469100939,0.03022909370605553,/pscratch/sd/h/hogcai/mcp-geant4/output/mcp_etap_0p020458.root
3,331,etap,0.02045833,8080920,0.757355338835043,16.49519927982724,1,0.41593267760695024,9.059013718279378,27.05137133182914,-1.2543174384607172,35.260931428571425,1,0.3414226612280928,7.436185561547862,27.032359961126435,-1.2535294913113089,-37.46209571428572,72.72302963211733,0.014991213721382774,/pscratch/sd/h/hogcai/mcp-geant4/output/mcp_etap_0p020458.root
3,331,etap,0.02045833,8325156,0.7020744521390963,15.291181567589515,1,0.43352947317371177,9.442271925723443,26.047586418440723,21.127531587421096,17.65161714285714,1,0.26854497896538443,5.848909641866073,26.042068582821628,21.120627105399283,-13.249288571428568,30.90090697830012,0.01638807833461184,/pscratch/sd/h/hogcai/mcp-geant4/output/mcp_etap_0p020458.root
3,331,etap,0.02045833,9294101,0.5911047369681642,12.874261171166618,1,0.3149622029543843,6.85987678034649,-56.631041758776135,-37.93598693671852,43.18512285714286,1,0.2761425340137799,6.014384390820127,-56.595922373963695,-37.912403926531745,-21.173479999999998,64.35861675994128,0.03766044093222085,/pscratch/sd/h/hogcai/mcp-geant4/output/mcp_etap_0p020458.root
3,331,etap,0.02045833,9297777,0.9271994438257083,20.19440388652393,1,0.22918332811680597,4.9916128863840346,-47.552101738199504,-45.842532132720656,30.85860285714286,1,0.6980161157089023,15.202791000139893,-47.527944824615915,-45.81969387547299,-21.173479999999998,52.03209347695946,0.03660669293046276,/pscratch/sd/h/hogcai/mcp-geant4/output/mcp_etap_0p020458.root
3,331,etap,0.02045833,9432682,1.2942930537354282,28.18970271035763,1,0.689804270242104,15.023937005873027,61.01961720561771,-2.1587939704383308,29.978137142857143,1,0.6044887834933244,13.165765704484604,60.98915155017526,-2.158745217226297,-23.374644285714282,53.35279012688516,0.03271723565273597,/pscratch/sd/h/hogcai/mcp-geant4/output/mcp_etap_0p020458.root
4,331,etap,0.21493185,549936,1.379400660699885,30.043346390043496,1,0.6191365579327605,13.484794231775524,-39.889900778250436,-31.238056978335795,-46.266752857142855,1,0.7602641027671245,16.558552158267972,-39.90006230158293,-31.246011868388223,-19.852781428571426,26.413974581009576,0.027992651923799187,/pscratch/sd/h/hogcai/mcp-geant4/output/mcp_etap_0p214932.root
4,331,etap,0.21493185,891839,1.2698094658304813,27.65645016578788,1,0.8417563618213314,18.333453560468598,30.423401626480473,-39.82772015491684,29.978137142857143,1,0.42805310400914975,9.322996605319283,30.40736282601269,-39.80675850523367,-31.298835714285712,61.27697854144654,0.024679002293093458,/pscratch/sd/h/hogcai/mcp-geant4/output/mcp_etap_0p214932.root
4,331,etap,0.21493185,971217,0.5568007091267366,12.127119444780327,1,0.272104657956172,5.926439450285427,-48.7082999086853,-14.889640722722191,35.260931428571425,1,0.2846960511705647,6.200679994494899,-48.681137627032804,-14.881742333524187,-25.57580857142857,60.83674657640476,0.026640901169728726,/pscratch/sd/h/hogcai/mcp-geant4/output/mcp_etap_0p214932.root
4,331,etap,0.21493185,1170442,1.2284605650616398,26.755871107042516,1,0.9238347769242069,20.121121441409226,33.9340247419954,5.871523820333076,12.809055714285714,1,0.30462578813743296,6.63474966563329,33.9462454052523,5.873751868610066,51.98978000000001,39.18072625490717,0.018165423138750487,/pscratch/sd/h/hogcai/mcp-geant4/output/mcp_etap_0p214932.root
4,331,etap,0.21493185,1294615,0.632135519774796,13.767911620695056,1,0.34190514484472806,7.4466940547181775,-61.4844762423008,-35.18840497258861,27.336740000000002,1,0.29023037493006787,6.321217565976879,-61.48638802869276,-35.18969378667375,30.85860285714286,3.521863611852594,0.037509506292542585,/pscratch/sd/h/hogcai/mcp-geant4/output/mcp_etap_0p214932.root
4,331,etap,0.21493185,1669106,1.0988891783785086,23.93380630508392,1,0.6336840037337823,13.80163760132178,-26.139767002149206,-32.74466052345217,51.54954714285715,1,0.4652051746447263,10.13216870376214,-26.117107141569324,-32.72157129179594,-36.141397142857144,87.69095025315981,0.021137541628340452,/pscratch/sd/h/hogcai/mcp-geant4/output/mcp_etap_0p214932.root
4,331,etap,0.21493185,2537776,1.0859393774886132,23.651759641701997,1,0.297151262907364,6.471954506122388,58.64879061789801,-3.289620883727342,20.733247142857145,1,0.7887881145812492,17.17980513557961,58.66030380001346,-3.2898142597641673,41.42419142857143,20.69094748979102,0.03188591622272645,/pscratch/sd/h/hogcai/mcp-geant4/output/mcp_etap_0p214932.root
4,331,etap,0.21493185,2802864,0.5014668800273985,10.92194864699674,1,0.2431430609361204,5.295655867188702,58.717839646617776,-2.9228877487646696,15.01022,1,0.2583238190912781,5.626292779808037,58.73685796621394,-2.9236944364636726,49.78861571428572,34.77840092365767,0.031359961028693956,/pscratch/sd/h/hogcai/mcp-geant4/output/mcp_etap_0p214932.root
4,331,etap,0.21493185,3096681,0.8332306367960125,18.147763269417155,1,0.5771028372872918,12.569299796117217,-52.69989178894667,-44.96252668963726,-45.82652,1,0.2561277995087207,5.578463473299937,-52.71499674476886,-44.97567336203662,-15.890685714285713,29.935840983283445,0.03832661905273651,/pscratch/sd/h/hogcai/mcp-geant4/output/mcp_etap_0p214932.root
4,331,etap,0.21493185,3301809,0.871436087999462,18.979877996628282,1,0.3907038006642741,8.50952877846789,32.722169223085054,4.526321088251958,-38.34256142857143,1,0.4807322873351879,10.470349218160393,32.729031209219684,4.52738288620708,-16.771151428571425,21.57141111755021,0.018443013142397827,/pscratch/sd/h/hogcai/mcp-geant4/output/mcp_etap_0p214932.root
4,331,etap,0.21493185,5235822,0.9339865558731427,20.34222718691705,1,0.36087623484177855,7.859884394853937,12.692556989894147,20.91158825375333,48.46791714285715,1,0.5731103210313642,12.482342792063113,12.68453576452567,20.896357647979414,-24.695342857142855,73.16326202500139,0.013480430527633005,/pscratch/sd/h/hogcai/mcp-geant4/output/mcp_etap_0p214932.root
4,331,etap,0.21493185,5413655,1.960269937904708,42.694679247564544,1,1.1246734619620005,24.495388001532373,10.808934893692685,20.49698593805776,21.613712857142858,1,0.8355964759427075,18.19929124603217,10.803419560207582,20.486284014259905,-35.260931428571425,56.874645560008624,0.012128669346501104,/pscratch/sd/h/hogcai/mcp-geant4/output/mcp_etap_0p214932.root
4,331,etap,0.21493185,5739387,1.0106553859349208,22.012074305662576,1,0.755500184830972,16.454794025618572,21.148547155623607,26.262832356097526,50.22884857142857,1,0.2551552011039488,5.557280280044005,21.126337755146746,26.237816175087005,-52.870245714285716,103.0990997128558,0.01859070112825568,/pscratch/sd/h/hogcai/mcp-geant4/output/mcp_etap_0p214932.root
4,331,etap,0.21493185,5795345,0.852989988850088,18.57812195715492,1,0.48197598104626876,10.497436867187734,22.23189282260255,25.13851076013215,-45.82652,1,0.37101400780381927,8.080685089967185,22.238462256378178,25.146097236112336,-15.450452857142855,30.37606880061084,0.018929182165245514,/pscratch/sd/h/hogcai/mcp-geant4/output/mcp_etap_0p214932.root
4,331,etap,0.21493185,5821451,0.9088159362766088,19.79401109210454,1,0.5710983522522682,12.438522112054402,-57.375558915264335,2.99463400766468,36.581630000000004,1,0.33771758402434054,7.355488980050137,-57.339292777735146,2.988714905248364,-38.78279428571428,75.36443324397567,0.027936132439409827,/pscratch/sd/h/hogcai/mcp-geant4/output/mcp_etap_0p214932.root
4,331,etap,0.21493185,5909643,0.656747365316631,14.303957616596225,1,0.3121494821915835,6.7986157221326895,-50.0574886091929,-17.317907717602928,-29.97813714285714,1,0.3445978831250475,7.505341894463536,-50.05882858309503,-17.318318328267694,-27.33674,2.6413975146548925,0.03040003842203435,/pscratch/sd/h/hogcai/mcp-geant4/output/mcp_etap_0p214932.root
4,331,etap,0.21493185,6256290,1.2456074117763567,27.129329428489047,1,0.7647439792793623,16.656123868704512,-32.698068598804504,20.426404035642957,47.147218571428574,1,0.48086343249699426,10.473205559784535,-32.67793438543152,20.41354552411361,-16.771151428571425,63.91837446450564,0.02141467363128429,/pscratch/sd/h/hogcai/mcp-geant4/output/mcp_etap_0p214932.root
4,331,etap,0.21493185,7562473,1.240944182700763,27.027764299222618,1,0.383753437783958,8.358149874934606,-53.69357747199497,-40.006347879675076,27.336740000000002,1,0.857190744916805,18.669614424288014,-53.66292230990233,-39.984326546054476,-32.17930142857143,59.51605339742823,0.03633681942315829,/pscratch/sd/h/hogcai/mcp-geant4/output/mcp_etap_0p214932.root
4,331,etap,0.21493185,7954904,1.2086884030197775,26.325233417770757,1,0.7176132906759984,15.629617470923247,-39.696966651655956,-11.574119500365267,26.896507142857143,1,0.49107511234377915,10.69561594684751,-39.67389624351052,-11.568014572956276,-29.97813714285714,56.874649292460724,0.024041195857862886,/pscratch/sd/h/hogcai/mcp-geant4/output/mcp_etap_0p214932.root
5,113,rho0,0.02045833,1400300,0.6957876458166466,15.154254925886566,1,0.36749694488433265,8.004083459580766,-6.465417964931225,42.80667940241359,17.211384285714285,1,0.328290700932314,7.1501714663058,-6.46321348221542,42.792262049092756,-18.091849999999997,35.30323729846674,0.023670754012022975,/pscratch/sd/h/hogcai/mcp-geant4/output/mcp_rho0_0p020458.root
5,113,rho0,0.02045833,2274352,0.7072840042455828,15.404645612468794,1,0.28719554780141165,6.255119031114746,32.40722524897254,-15.914894000743592,40.54372571428571,1,0.4200884564441712,9.14952658135405,32.38134554095742,-15.898812373561071,-45.38628714285714,85.93001825908544,0.020316091617968702,/pscratch/sd/h/hogcai/mcp-geant4/output/mcp_rho0_0p020458.root
5,113,rho0,0.02045833,2364913,2.0762667833791832,45.221090541998606,1,1.1131198634333248,24.243750625577814,-12.838747037951801,-40.916561227198976,22.93441142857143,1,0.9631469199458582,20.977339916420792,-12.82964790357694,-40.88580427492661,-54.19094428571428,77.12536238384533,0.023828000679920025,/pscratch/sd/h/hogcai/mcp-geant4/output/mcp_rho0_0p020458.root
5,113,rho0,0.02045833,3647494,1.3975098769733252,30.437765120479025,1,0.9382760917038054,20.435653277308884,19.388606711475433,-41.15496246085728,35.701164285714285,1,0.45923378526951975,10.002111843170141,19.390832753220245,-41.15976333450745,48.027684285714294,12.326521135910564,0.024597413310159806,/pscratch/sd/h/hogcai/mcp-geant4/output/mcp_rho0_0p020458.root
5,113,rho0,0.02045833,3943138,1.3068618844399251,28.463451843101574,1,0.6532154342540755,14.227032158053765,36.31705230575949,25.54589529406028,33.05976714285715,1,0.6536464501858497,14.236419685047807,36.296303729087846,25.531382016888585,-26.456274285714283,59.51604681483876,0.024376118216886795,/pscratch/sd/h/hogcai/mcp-geant4/output/mcp_rho0_0p020458.root
5,113,rho0,0.02045833,5111568,0.8185414191438143,17.827832108952276,1,0.7079383296794776,15.418896820419022,-13.588040413164785,-51.57480862426404,25.575808571428574,1,0.11060308946433674,2.4089352885332542,-13.577704149694352,-51.535340136440865,-53.75071142857142,79.32653049207606,0.029468573988925665,/pscratch/sd/h/hogcai/mcp-geant4/output/mcp_rho0_0p020458.root
5,113,rho0,0.02045833,5251988,1.4840004704558993,32.32153024652949,1,0.5282311193784551,11.504873780062754,-43.70734710659385,-18.687871731220202,51.98978000000001,1,0.9557693510774442,20.816656466466736,-43.670209437191986,-18.671829856992485,-35.260931428571425,87.25072080699427,0.026565501998357718,/pscratch/sd/h/hogcai/mcp-geant4/output/mcp_rho0_0p020458.root
5,113,rho0,0.02045833,6158569,0.7346773757836207,16.00127324456726,1,0.5051148330094668,11.001401062946188,11.751024020795198,7.364716922833798,37.021862857142864,1,0.22956254277415383,4.999872181621071,11.741339508666169,7.358819309722111,-50.22884857142857,87.25071216536551,0.007446054398403106,/pscratch/sd/h/hogcai/mcp-geant4/output/mcp_rho0_0p020458.root
5,113,rho0,0.02045833,8119164,0.5834722602699445,12.708025828679393,1,0.3299714425889412,7.186778019587139,-9.312236063988909,13.980257654520162,26.45627428571429,1,0.25350081768100335,5.521247809092253,-9.313589439900838,13.98206500653581,39.22302714285714,12.76675305680786,0.010133241243012068,/pscratch/sd/h/hogcai/mcp-geant4/output/mcp_rho0_0p020458.root
5,113,rho0,0.02045833,8279589,1.0445224876724968,22.749699781506983,1,0.6970141990960692,15.180969256312387,-57.71177661014561,20.84743004340226,33.94023285714286,1,0.3475082885764276,7.568730525194594,-57.67190049814019,20.832343427526947,-36.581630000000004,70.52187574470743,0.03463866425141465,/pscratch/sd/h/hogcai/mcp-geant4/output/mcp_rho0_0p020458.root
5,113,rho0,0.02045833,8393552,0.9305738318026044,20.267898056660727,1,0.694004897544236,15.11542666851346,10.976646049952098,-1.9315255507292306,43.18512285714286,1,0.2365689342583685,5.152471388147267,10.966923969850958,-1.9293473686536995,-48.46791714285714,91.65304054151679,0.0062283090060636665,/pscratch/sd/h/hogcai/mcp-geant4/output/mcp_rho0_0p020458.root
5,113,rho0,0.02045833,8879522,0.9818878144990991,21.385516599790378,1,0.5191764551462839,11.307663193086062,-17.13042793031278,-38.121799473016736,31.298835714285712,1,0.46271135935281527,10.077853406704318,-17.133621863873106,-38.128692721221135,50.22884857142857,18.930014381655297,0.022994694660638405,/pscratch/sd/h/hogcai/mcp-geant4/output/mcp_rho0_0p020458.root
5,113,rho0,0.02045833,8991219,1.3415469255122816,29.218892037657497,1,0.40116116018633297,8.737290068858332,-54.934202807205324,-35.495426148573635,15.450452857142858,1,0.9403857653259488,20.481601968799165,-54.90258574049939,-35.475155460151576,-44.50582142857142,59.95628604878324,0.035890589974782415,/pscratch/sd/h/hogcai/mcp-geant4/output/mcp_rho0_0p020458.root
5,113,rho0,0.02045833,9292264,1.317165355058128,28.687861433166027,1,0.5005165312292815,10.901250050173752,63.08281593444549,41.45009669593456,20.293014285714285,1,0.8166488238288464,17.786611382992277,63.03831643794683,41.42058715255597,-53.75071142857142,74.0437449665447,0.04131752506953715,/pscratch/sd/h/hogcai/mcp-geant4/output/mcp_rho0_0p020458.root
5,113,rho0,0.02045833,9458910,1.3106286135910015,28.54549120401201,1,0.8559358801661987,18.64228347001981,22.781702130965222,43.239491409249474,-39.663259999999994,1,0.45469273342480265,9.903207733992202,22.782485096843747,43.24097977660082,-36.141397142857144,3.5218632586736436,0.02735966769948907,/pscratch/sd/h/hogcai/mcp-geant4/output/mcp_rho0_0p020458.root
5,113,rho0,0.02045833,9914820,0.7470431310625263,16.270599394541826,1,0.27819728492283724,6.059136865619395,-35.83583216955858,-43.079874774592064,15.890685714285715,1,0.4688458461396891,10.211462528922429,-35.84394863587466,-43.08967889855875,39.66326,23.77257769295699,0.030676162730813483,/pscratch/sd/h/hogcai/mcp-geant4/output/mcp_rho0_0p020458.root
6,113,rho0,0.21493185,1903946,1.0852756125353693,23.637302841020343,1,0.38846379336067816,8.460741419395571,23.709615692714298,46.68392065261773,20.733247142857145,1,0.6968118191746911,15.176561421624774,23.71617327301542,46.69688257772981,50.66908142857143,29.93583781014169,0.027802651163675862,/pscratch/sd/h/hogcai/mcp-geant4/output/mcp_rho0_0p214932.root
6,113,rho0,0.21493185,2066271,0.9871397988644064,21.499904819266774,1,0.6773298402580775,14.752243920820929,-25.136798329058042,-1.123492028978612,12.809055714285714,1,0.30980995860632893,6.747660898445845,-25.129977607164808,-1.125635282751767,-34.38046571428571,47.18952197017242,0.008680696438292872,/pscratch/sd/h/hogcai/mcp-geant4/output/mcp_rho0_0p214932.root
6,113,rho0,0.21493185,2247207,0.6496427001984527,14.1492180103223,1,0.395867845004083,8.622001664188929,-49.059302477835054,-47.648537977900205,20.733247142857145,1,0.2537748551943697,5.527216346133373,-49.03552598328165,-47.625798200881825,-31.298835714285712,52.0320932586008,0.036228395257104806,/pscratch/sd/h/hogcai/mcp-geant4/output/mcp_rho0_0p214932.root
6,113,rho0,0.21493185,2480043,1.1334892852500498,24.687396632746086,1,0.25964132817796615,5.654988127716103,63.408675448503004,-28.803990878038206,47.147218571428574,1,0.8738479570720837,19.032408505029984,63.36229552286704,-28.78293462947165,-28.21720571428571,75.36444149849628,0.038723974916918244,/pscratch/sd/h/hogcai/mcp-geant4/output/mcp_rho0_0p214932.root
6,113,rho0,0.21493185,3838659,1.0748093361177933,23.40934734064554,1,0.4438563657225413,9.667191645436949,-18.928901637622065,15.707716636744589,28.21720571428572,1,0.630952970395252,13.74215569520859,-18.918172806639003,15.698975699222265,-27.33674,55.553947437941865,0.014272678589294728,/pscratch/sd/h/hogcai/mcp-geant4/output/mcp_rho0_0p214932.root
6,113,rho0,0.21493185,4575974,0.9594796834743604,20.89746750607157,1,0.5835987474384815,12.710780719210128,-12.219044917314289,16.387705171038053,-29.97813714285714,1,0.3758809360358789,8.186686786861443,-12.21989718457402,16.388868608315505,-24.695342857142855,5.282794482574661,0.015641735188683524,/pscratch/sd/h/hogcai/mcp-geant4/output/mcp_rho0_0p214932.root
6,113,rho0,0.21493185,4724967,0.5997325527349925,13.062174998568137,1,0.3161502123552717,6.885751625097818,46.62830270307873,25.77734347743664,20.733247142857145,1,0.2835823403797208,6.176423373470319,46.60784771963613,25.767420088247512,-22.93441142857143,43.66766448976703,0.029830295222719107,/pscratch/sd/h/hogcai/mcp-geant4/output/mcp_rho0_0p214932.root
6,113,rho0,0.21493185,4919391,0.706442781164631,15.386323773765664,1,0.417249807620943,9.087700809984138,36.242580783846805,8.82766051353985,-52.430012857142856,1,0.289192973543688,6.298622963781525,36.2452234337296,8.828353358668895,-44.94605428571428,7.483959070070599,0.02091540938720024,/pscratch/sd/h/hogcai/mcp-geant4/output/mcp_rho0_0p214932.root
6,113,rho0,0.21493185,6936177,1.4442004913917592,31.454686702512518,1,0.6437892361358022,14.021729563037772,48.923085132665754,44.070708096550604,22.93441142857143,1,0.8004112552559571,17.43295713947475,48.92535439923277,44.072738117276685,27.77697285714286,4.842562385766719,0.03602469409410494,/pscratch/sd/h/hogcai/mcp-geant4/output/mcp_rho0_0p214932.root
6,113,rho0,0.21493185,7098823,0.85575969620277,18.63844618329633,1,0.3517813512549877,7.661797830333633,-15.195146252646612,-21.267987620765627,16.77115142857143,1,0.5039783449477823,10.976648352962698,-15.187244575247195,-21.256783179385106,-36.581630000000004,53.352783190204136,0.01472369367088509,/pscratch/sd/h/hogcai/mcp-geant4/output/mcp_rho0_0p214932.root
6,113,rho0,0.21493185,8065993,0.6212906079150544,13.531709440389886,1,0.26603231772165364,5.794183879977616,-52.792531268385325,13.672301402000258,19.41254857142857,1,0.35525829019340077,7.737525560412269,-52.79888311740302,13.673593404519783,31.73906857142857,12.326521704262582,0.030129062409740243,/pscratch/sd/h/hogcai/mcp-geant4/output/mcp_rho0_0p214932.root
7,223,omega,0.02045833,1028003,1.0880478489144143,23.69768214935594,1,0.6121384197853444,13.332374782924802,56.96005112960063,1.4443218052015743,43.18512285714286,1,0.47590942912906975,10.36530736643114,56.91836330099441,1.4430073414453868,-32.17930142857143,75.36443582698692,0.03170890610238063,/pscratch/sd/h/hogcai/mcp-geant4/output/mcp_omega_0p020458.root
7,223,omega,0.02045833,1494946,0.5938307789185544,12.933634364846117,1,0.2904211671681984,6.325373020923361,50.692911736209126,-27.794020775843354,36.581630000000004,1,0.3034096117503561,6.608261343922756,50.65776414673054,-27.775563239875122,-35.701164285714285,72.28280518757259,0.03146809139821768,/pscratch/sd/h/hogcai/mcp-geant4/output/mcp_omega_0p020458.root
7,223,omega,0.02045833,2082338,0.9871409423694142,21.499929724805842,1,0.6773309837630853,14.752268826359998,34.378137779813045,47.77789273145019,14.129754285714284,1,0.30980995860632893,6.747660898445845,34.363751349481774,47.756273730988106,-33.05976714285714,47.18952857370118,0.031529702744165895,/pscratch/sd/h/hogcai/mcp-geant4/output/mcp_omega_0p020458.root
7,223,omega,0.02045833,2581221,1.1821120977240183,25.74640148842912,1,0.23039489815342618,5.018000881781623,-7.706276820145821,23.83394662590481,-50.22884857142857,1,0.9517171995705921,20.728400606647497,-7.706538247760411,23.834894932083262,-46.266752857142855,3.9620958363964704,0.014224994244014499,/pscratch/sd/h/hogcai/mcp-geant4/output/mcp_omega_0p020458.root
7,223,omega,0.02045833,2583877,1.6850397412116038,36.70016556358873,1,1.1159561158917886,24.305524204123156,-14.675404365305676,-48.24415943517566,39.22302714285714,1,0.5690836253198152,12.394641359465576,-14.66843169901306,-48.220191779317055,-14.12975428571428,53.352787267691255,0.02680604683560792,/pscratch/sd/h/hogcai/mcp-geant4/output/mcp_omega_0p020458.root
7,223,omega,0.02045833,4611865,0.9594806943119394,20.897489522114043,1,0.5835987474384815,12.710780719210128,-55.99912877637813,-17.994592143041494,43.62535571428572,1,0.37588194687345794,8.186708802903915,-56.00199109832763,-17.995372027604127,48.90815,5.282795118711527,0.032175665227563634,/pscratch/sd/h/hogcai/mcp-geant4/output/mcp_omega_0p020458.root
7,223,omega,0.02045833,4703845,1.2346133628365032,26.889879042579047,1,0.4821698866143957,10.50166013046154,-24.355143889278775,-40.79952576352392,13.689521428571428,1,0.7524434762221076,16.388218912117505,-24.358397143619467,-40.804902810952335,27.336740000000002,13.647220018474378,0.026384974363089952,/pscratch/sd/h/hogcai/mcp-geant4/output/mcp_omega_0p020458.root
7,223,omega,0.02045833,5723267,0.8961504999436722,19.51815788877318,1,0.3101006417487438,6.75399197728764,-61.79408301165533,42.653160223618485,53.310478571428575,1,0.5860498581949285,12.764165911485543,-61.74436007740826,42.62013238555671,-28.65743857142857,81.96793887823807,0.041725280068406555,/pscratch/sd/h/hogcai/mcp-geant4/output/mcp_omega_0p020458.root
7,223,omega,0.02045833,6179579,1.1676498107253672,25.431412877598504,1,0.6506998161223956,14.172241995145777,-28.180582937203855,7.3784251109197685,36.141397142857144,1,0.5169499946029718,11.259170882452725,-28.164224955639174,7.3713270331845155,-22.93441142857143,59.07581126260004,0.017294319165259635,/pscratch/sd/h/hogcai/mcp-geant4/output/mcp_omega_0p020458.root
7,223,omega,0.02045833,6990582,1.4442004366788113,31.454685510864515,1,0.6437892361358022,14.021729563037772,-27.221365071682037,-28.902000131144934,40.103492857142854,1,0.8004112005430092,17.43295594782674,-27.22263585487604,-28.903308451932435,44.94605428571428,4.842561772045967,0.021579795358180005,/pscratch/sd/h/hogcai/mcp-geant4/output/mcp_omega_0p020458.root
7,223,omega,0.02045833,7087099,1.5136910171573956,32.96819035368809,1,1.04398079103302,22.73790162869918,19.94703221391163,15.60482466335117,-32.17930142857143,1,0.46971022612437563,10.230288724988903,19.949425010087687,15.606586171171022,-20.293014285714285,11.886287514225556,0.014322439525453595,/pscratch/sd/h/hogcai/mcp-geant4/output/mcp_omega_0p020458.root
7,223,omega,0.02045833,7430331,0.6233113861920572,13.575721991263007,1,0.39679794909199273,8.642259331223602,-33.61280991822865,-41.32561445300683,-42.74489,1,0.2265134371000645,4.933462660039405,-33.61994817058537,-41.33459482069457,-20.293014285714285,22.451878645035098,0.02927525140166389,/pscratch/sd/h/hogcai/mcp-geant4/output/mcp_omega_0p020458.root
7,223,omega,0.02045833,7789270,1.532629573359098,33.38067210776116,1,0.7208553504698887,15.700229533234177,28.857601038481356,12.00476987960044,16.77115142857143,1,0.8117742228892094,17.68044257452698,28.863102548281898,12.007153133997784,37.46209571428572,20.69094515436751,0.0166023927730587,/pscratch/sd/h/hogcai/mcp-geant4/output/mcp_omega_0p020458.root
7,223,omega,0.02045833,8905880,0.9210147004930906,20.059700176739515,1,0.5713399000329702,12.443783022718092,-30.369304080820722,-16.526972613248674,36.141397142857144,1,0.3496748004601204,7.615917154021423,-30.374216848044416,-16.529251069854613,51.98978000000001,15.848383782368035,0.019578024240529034,/pscratch/sd/h/hogcai/mcp-geant4/output/mcp_omega_0p020458.root
7,223,omega,0.02045833,9744027,0.9072662091023543,19.76025803424928,1,0.30546015093334533,6.652922087328261,28.970511844442875,8.465148166303244,45.38628714285714,1,0.601806058169009,13.107335946921017,28.950290468189348,8.459467818296474,-25.57580857142857,70.96209882277904,0.01695896625437016,/pscratch/sd/h/hogcai/mcp-geant4/output/mcp_omega_0p020458.root
8,223,omega,0.21493185,179813,0.4214025500437776,9.178147539953477,1,0.18827350556786523,4.100596951268105,8.776702447537524,37.08422526775887,-53.75071142857142,1,0.23312904447591237,5.077550588685372,8.779866716664216,37.0972030772544,-16.771151428571425,36.9795624126319,0.0206967561197304,/pscratch/sd/h/hogcai/mcp-geant4/output/mcp_omega_0p214932.root
8,223,omega,0.21493185,2139845,0.7412291496735692,16.143970879890336,1,0.2704291496492588,5.889946879360857,25.547933752852728,1.0484942652507532,29.537904285714284,1,0.4708000000243104,10.25402400052948,25.552941034369198,1.048603302901522,49.78861571428572,20.250712047926392,0.014170569053771192,/pscratch/sd/h/hogcai/mcp-geant4/output/mcp_omega_0p214932.root
8,223,omega,0.21493185,3498031,0.7131685412774602,15.532810829023084,1,0.3380949337108,7.363707656221225,7.963871150249211,-51.460987731584886,18.09185,1,0.3750736075666602,8.16910317280186,7.96478192030506,-51.468246822956644,32.179301428571435,14.087453328272963,0.029755282372701614,/pscratch/sd/h/hogcai/mcp-geant4/output/mcp_omega_0p214932.root
8,223,omega,0.21493185,4282050,0.5972229344601403,13.007515512541858,1,0.3154860014606728,6.871285111813454,10.035079385815337,35.80812732122723,33.94023285714286,1,0.2817369329994675,6.136230400728403,10.036699138644124,35.81366668220688,49.78861571428572,15.848383907979354,0.020864727391678665,/pscratch/sd/h/hogcai/mcp-geant4/output/mcp_omega_0p214932.root
8,223,omega,0.21493185,4343280,0.794673809832992,17.30799557816257,1,0.44736850223390434,9.743685978654437,11.877305480143963,39.174995286923405,41.42419142857143,1,0.3473053075990877,7.56430959950813,11.868984339737626,39.14852885041685,-29.097671428571424,70.52186831441226,0.02254049376728581,/pscratch/sd/h/hogcai/mcp-geant4/output/mcp_omega_0p214932.root
8,223,omega,0.21493185,4913196,1.3703229131851058,29.845633049171607,1,0.6370740446232607,13.875472691894618,-36.86750825001044,-43.93136662769466,51.98978000000001,1,0.7332488685618451,15.970160357276988,-36.841301901618365,-43.89969291793264,-22.05394571428571,74.04373712643739,0.0318109938691117,/pscratch/sd/h/hogcai/mcp-geant4/output/mcp_omega_0p214932.root
8,223,omega,0.21493185,5713038,0.7677580768076847,16.721770912871374,1,0.27709890484049765,6.035214147426039,43.20689205893381,45.926612326457985,23.37464428571429,1,0.49065917196718706,10.686556765445335,43.21011767830019,45.930183396593506,31.298835714285712,7.924192889740065,0.03479447511701629,/pscratch/sd/h/hogcai/mcp-geant4/output/mcp_omega_0p214932.root
8,223,omega,0.21493185,6384305,0.9150617415791336,19.93004473159353,1,0.21946476887783378,4.77994266615922,51.5425563002003,3.699397977513443,45.82652,1,0.6955969727012997,15.150102065434309,51.54342279959692,3.6994528574853147,47.587451428571434,1.7609316426152493,0.028249953015641503,/pscratch/sd/h/hogcai/mcp-geant4/output/mcp_omega_0p214932.root
8,223,omega,0.21493185,6546529,1.417933925149559,30.8826008897574,1,0.28858805602888626,6.2854478603091435,-36.987415474101,-17.474589667212364,37.021862857142864,1,1.1293458691206728,24.597153029448254,-36.991453059382,-17.476459172161178,48.46791714285715,11.446055150516354,0.022272454303877004,/pscratch/sd/h/hogcai/mcp-geant4/output/mcp_omega_0p214932.root
8,223,omega,0.21493185,7052239,0.7316353897015921,15.93501878770068,1,0.2976943467893917,6.483782873072952,62.70062329567871,22.52548924400824,36.141397142857144,1,0.4339410429122005,9.451235914627727,62.672811708802364,22.51510945793158,-16.33091857142857,52.47232411132557,0.03241422132122107,/pscratch/sd/h/hogcai/mcp-geant4/output/mcp_omega_0p214932.root
8,223,omega,0.21493185,7459295,1.640056403265783,35.720428463128755,1,0.6563035055934223,14.294290351824738,-59.43901996483398,39.202628256382894,12.809055714285714,1,0.9837528976723607,21.426138111304017,-59.41834281651505,39.18908219775312,-23.374644285714282,36.18370844358227,0.03914213141696965,/pscratch/sd/h/hogcai/mcp-geant4/output/mcp_omega_0p214932.root
8,223,omega,0.21493185,7465672,0.5728506535593479,12.476687234522599,1,0.31295228729221386,6.816100817224418,-33.825928188765445,10.820589573636326,34.38046571428571,1,0.2598983662671341,5.66058641729818,-33.83097043772411,10.822117307626765,49.78861571428572,15.40815090076502,0.01959151973464359,/pscratch/sd/h/hogcai/mcp-geant4/output/mcp_omega_0p214932.root
8,223,omega,0.21493185,8793623,1.0215658099480671,22.2497033406689,1,0.28951106282557953,6.305550948341122,-57.138058116703725,42.37179427362993,-49.34838285714286,1,0.7320547471224875,15.94415239232778,-57.140735420825685,42.37374905603771,-44.50582142857142,4.842562563211698,0.03922194385525936,/pscratch/sd/h/hogcai/mcp-geant4/output/mcp_omega_0p214932.root
9,333,phi,0.02045833,108372,1.1084491867288464,24.142023286954277,1,0.6305081441043245,13.732467378592188,37.15987243374955,26.15710169512816,18.09185,1,0.477941042624522,10.409555908362089,37.14673931162586,26.14847332793064,-18.091849999999997,36.18370341213869,0.02488252583113734,/pscratch/sd/h/hogcai/mcp-geant4/output/mcp_phi_0p020458.root
9,333,phi,0.02045833,271947,0.8767016881651886,19.094562768237807,1,0.5736053955654835,12.493125515416232,-53.32409297705925,47.73453731349203,33.5,1,0.30309629259970505,6.601437252821577,-53.334268324355186,47.744027914422574,52.870245714285716,19.37025071187781,0.041157635961531956,/pscratch/sd/h/hogcai/mcp-geant4/output/mcp_phi_0p020458.root
9,333,phi,0.02045833,3356095,0.8681579574193063,18.90848031259249,1,0.4975849500801619,10.837400212745926,5.428049785614435,-50.22917634702129,-49.78861571428571,1,0.3705730073391444,8.071080099846565,5.4290739616334065,-50.23882414509423,-29.97813714285714,19.81048094716468,0.028060100636246175,/pscratch/sd/h/hogcai/mcp-geant4/output/mcp_phi_0p020458.root
9,333,phi,0.02045833,3518521,1.015117718859369,22.109263916757058,1,0.3103110341252703,6.7585743232483875,24.14014302484069,3.7782952926519116,-43.62535571428571,1,0.7048066847340988,15.350689593508672,24.144409060297555,3.7787509225410387,-25.57580857142857,18.049547652749624,0.01361895468803852,/pscratch/sd/h/hogcai/mcp-geant4/output/mcp_phi_0p020458.root
9,333,phi,0.02045833,3557112,0.5487577420962038,11.95194362285532,1,0.27206830584332264,5.925647701267567,19.820003138235727,5.555450415620511,20.733247142857145,1,0.27668943625288117,6.026295921587752,19.811293929255623,5.5524021983265985,-25.135575714285714,45.868823785245475,0.011525952560215783,/pscratch/sd/h/hogcai/mcp-geant4/output/mcp_phi_0p020458.root
9,333,phi,0.02045833,4870057,0.9594806962831601,20.89748956504723,1,0.5835987474384815,12.710780719210128,37.68165794097145,26.789481829107963,-36.141397142857144,1,0.3758819488446787,8.186708845837103,37.683633434343804,26.7908569146569,-30.858602857142852,5.282794834044751,0.026105195321873456,/pscratch/sd/h/hogcai/mcp-geant4/output/mcp_phi_0p020458.root
9,333,phi,0.02045833,5042418,1.4077735356844785,30.661307607207945,1,0.8579105988102723,18.685292842087733,-45.23413055677879,20.952645067216057,43.18512285714286,1,0.5498629368742062,11.976014765120212,-45.20019032230921,20.93641047401614,-37.02186285714286,80.20699453833913,0.026876058457517046,/pscratch/sd/h/hogcai/mcp-geant4/output/mcp_phi_0p020458.root
9,333,phi,0.02045833,5727120,0.9339867492013578,20.342231397605573,1,0.36087623484177855,7.859884394853937,27.083126457895826,12.918941531540582,47.587451428571434,1,0.5731105143595793,12.482347002751638,27.06661321809832,12.909090690392812,-25.57580857142857,73.16326252672008,0.015058082230062568,/pscratch/sd/h/hogcai/mcp-geant4/output/mcp_phi_0p020458.root
9,333,phi,0.02045833,7310920,1.0355461841817901,22.55419589147939,1,0.8066942956811379,17.569801759935185,41.54542316965168,-33.411980063524204,-42.304657142857145,1,0.22885188850065225,4.984394131544206,41.55040975854447,-33.41597601566571,-29.97813714285714,12.326521656335272,0.029702396278680293,/pscratch/sd/h/hogcai/mcp-geant4/output/mcp_phi_0p020458.root
9,333,phi,0.02045833,7380995,1.4442005307267558,31.454687559228745,1,0.6437892361358022,14.021729563037772,16.648493655052242,21.88190844697786,-22.49417857142857,1,0.8004112945909536,17.43295799619097,16.649290603207355,21.88283360193659,-17.65161714285714,4.842561582522809,0.01444747158103899,/pscratch/sd/h/hogcai/mcp-geant4/output/mcp_phi_0p020458.root
9,333,phi,0.02045833,9243780,0.7020744257325204,15.291180992454297,1,0.26854497896538443,5.848909641866073,37.82490970359107,27.22288559722336,-40.98395857142857,1,0.43352944676713606,9.442271350588223,37.83377140354228,27.2297969052028,-15.450452857142855,25.53350818742629,0.025217776436785203,/pscratch/sd/h/hogcai/mcp-geant4/output/mcp_phi_0p020458.root
9,333,phi,0.02045833,9550866,1.3415469255122816,29.218892037657497,1,0.40116116018633297,8.737290068858332,-34.53559321538154,-18.68924339831553,14.56998714285714,1,0.9403857653259488,20.481601968799165,-34.51731021562485,-18.679815612849005,-41.42419142857143,55.99418234995713,0.02104880927891616,/pscratch/sd/h/hogcai/mcp-geant4/output/mcp_phi_0p020458.root
9,333,phi,0.02045833,9636551,1.0568450380613315,23.018084928975803,1,0.5471847783783207,11.917684473079825,36.10912379076674,-11.056266653006638,19.41254857142857,1,0.5096602596830108,11.100400455895976,36.117438450062835,-11.058736854047183,43.62535571428572,24.21280869648638,0.0205252634073429,/pscratch/sd/h/hogcai/mcp-geant4/output/mcp_phi_0p020458.root
9,333,phi,0.02045833,9748284,1.2589820789442643,27.420629679406076,1,0.7250302450875072,15.791158738005908,63.15882414628012,19.018467145155235,-51.10931428571429,1,0.533951833856757,11.62947094140017,63.171462629258556,19.022349653128266,-30.41837,20.690948509907734,0.03661165292883457,/pscratch/sd/h/hogcai/mcp-geant4/output/mcp_phi_0p020458.root
10,333,phi,0.21493185,898543,0.9444977425641646,20.571160833047507,1,0.423334976102406,9.220235779510404,54.36308298688457,24.078824091413743,15.01022,1,0.5211627664617586,11.350925053537104,54.33457368738071,24.066530086407916,-39.663259999999994,54.67348881526692,0.03253621099304914,/pscratch/sd/h/hogcai/mcp-geant4/output/mcp_phi_0p214932.root
10,333,phi,0.21493185,899668,1.5166830926280856,33.03335775743971,1,0.824086874203278,17.948612120147395,-31.19484733906137,1.622821522773463,-49.34838285714286,1,0.6925962184248078,15.084745637292315,-31.196294349944036,1.6228857554021174,-44.50582142857142,4.842561645188852,0.01713747118844833,/pscratch/sd/h/hogcai/mcp-geant4/output/mcp_phi_0p214932.root
10,333,phi,0.21493185,1355694,0.6321359244335245,13.767920434162164,1,0.34190514484472806,7.4466940547181775,-22.992859608428333,14.968470649584006,-51.10931428571429,1,0.29023077958879645,6.321226379443987,-22.993648262274217,14.968951435881896,-47.587451428571434,3.5218629782620448,0.015026501497195224,/pscratch/sd/h/hogcai/mcp-geant4/output/mcp_phi_0p214932.root
10,333,phi,0.21493185,3462404,0.755329881691364,16.451084823237906,1,0.3900791231558644,8.495923302334727,54.90402433949507,23.65824849501801,40.103492857142854,1,0.36525075853549954,7.9551615209031805,54.910915028420604,23.66156332551343,53.750711428571435,13.647220713611993,0.032102869572594894,/pscratch/sd/h/hogcai/mcp-geant4/output/mcp_phi_0p214932.root
10,333,phi,0.21493185,4284178,0.6925491763872799,15.083721061714957,1,0.3119832010781431,6.794994119481957,-27.484587011913323,12.336917339902538,28.65743857142857,1,0.3805659753091368,8.288726942233,-27.490985794830113,12.340159956950112,52.870245714285716,24.212808205496984,0.01697493413946012,/pscratch/sd/h/hogcai/mcp-geant4/output/mcp_phi_0p214932.root
10,333,phi,0.21493185,8259856,0.5834722602699445,12.708025828679393,1,0.3299714425889412,7.186778019587139,-10.117256757840915,-46.542656387095334,40.98395857142857,1,0.25350081768100335,5.521247809092253,-10.118479837289463,-46.54792410489601,53.750711428571435,12.76675400249177,0.024269805247619163,/pscratch/sd/h/hogcai/mcp-geant4/output/mcp_phi_0p214932.root
10,333,phi,0.21493185,8851494,0.7020743163249719,15.291178609557885,1,0.26854497896538443,5.848909641866073,-27.09945360241203,14.169778125656006,18.972315714285713,1,0.4335293373595874,9.442268967691813,-27.106122293242,14.173062613638814,44.50582142857143,25.533506796379537,0.01668072251178737,/pscratch/sd/h/hogcai/mcp-geant4/output/mcp_phi_0p214932.root
10,333,phi,0.21493185,9348808,0.70803739796562,15.421054527691206,1,0.30972304040027165,6.745767819917917,36.665357448859886,-18.624474764213893,15.450452857142858,1,0.39831435756534844,8.675286707773289,36.675198241756476,-18.62972306291432,44.06558857142857,28.615137887713104,0.022331211224145546,/pscratch/sd/h/hogcai/mcp-geant4/output/mcp_phi_0p214932.root
10,333,phi,0.21493185,9380541,1.346471928880251,29.326158611011866,1,1.0411430337181984,22.676095274382362,-43.11566313026585,4.629178414169322,-24.255109999999995,1,0.30532889516205247,6.650063336629503,-43.11962360908744,4.629550431274025,-14.56998714285714,9.685123674054978,0.02353275203301019,/pscratch/sd/h/hogcai/mcp-geant4/output/mcp_phi_0p214932.root
10,333,phi,0.21493185,9484761,0.6914734219639525,15.060291130374885,1,0.25060938367930563,5.458272376535277,36.81929178625512,-18.82815371225277,-48.02768428571429,1,0.4408640382846468,9.602018753839609,36.82875606994917,-18.832643336552145,-20.73324714285714,27.294439152962493,0.021989226607853886,/pscratch/sd/h/hogcai/mcp-geant4/output/mcp_phi_0p214932.root
10,333,phi,0.21493185,9807205,0.8356823315871456,18.201161181968033,1,0.2764851874224427,6.021847382060803,37.06865206908625,-23.62703176293926,-43.18512285714286,1,0.5591971441647029,12.179313799907229,37.0702203307252,-23.628038856418435,-38.78279428571428,4.40232896595634,0.024256893005162716,/pscratch/sd/h/hogcai/mcp-geant4/output/mcp_phi_0p214932.root
10,333,phi,0.21493185,9882335,0.5911047369681642,12.874261171166618,1,0.3149622029543843,6.85987678034649,-23.801859738475276,15.901183347827223,48.027684285714294,1,0.2761425340137799,6.014384390820127,-23.785591740576006,15.891532201519547,-16.771151428571425,64.79883847507894,0.016725186195053848,/pscratch/sd/h/hogcai/mcp-geant4/output/mcp_phi_0p214932.root
11,443,jpsi,0.02045833,537159,1.0335123913203832,22.509899882957946,1,0.7872689689552064,17.146718143844396,-34.42118787990156,-5.394500475142225,-29.97813714285714,1,0.24624342236517682,5.363181739113552,-34.42688203922192,-5.39492687613902,-13.249288571428568,16.72884954595073,0.019556919770215273,/pscratch/sd/h/hogcai/mcp-geant4/output/mcp_jpsi_0p020458.root
11,443,jpsi,0.02045833,1560522,1.1178796504426864,24.34741878664171,1,0.6479669060743686,14.112719214299748,-27.078002423175935,-8.453129960432609,-41.42419142857143,1,0.46991274436831787,10.234699572341963,-27.08499171034809,-8.455722643415125,-14.12975428571428,27.294438160869337,0.015648655878453877,/pscratch/sd/h/hogcai/mcp-geant4/output/mcp_jpsi_0p020458.root
11,443,jpsi,0.02045833,2388189,0.6496437456540636,14.149240780345504,1,0.395867845004083,8.622001664188929,-35.02583914131072,-6.210651931468478,22.93441142857143,1,0.2537759006499805,5.527239116156576,-35.00859226600279,-6.208007658676242,-28.65743857142857,51.59185295053267,0.019377479357152984,/pscratch/sd/h/hogcai/mcp-geant4/output/mcp_jpsi_0p020458.root
11,443,jpsi,0.02045833,2488219,0.6936085877257864,15.106795040667627,1,0.30095142486745435,6.554722033613156,-24.234760220453428,24.605351104771987,-37.02186285714286,1,0.392657162858332,8.552073007054473,-24.239077738657482,24.609746809918224,-18.532082857142854,18.489781026599186,0.01909291351032156,/pscratch/sd/h/hogcai/mcp-geant4/output/mcp_jpsi_0p020458.root
11,443,jpsi,0.02045833,2555985,0.8213619435186871,17.889263129837005,1,0.46548363177321467,10.138233500020617,-35.119785944711126,-6.109439805963587,31.73906857142857,1,0.3558783117454724,7.751029629816389,-35.09058864077546,-6.104379338111937,-50.66908142857143,82.40815532769432,0.02060260732275458,/pscratch/sd/h/hogcai/mcp-geant4/output/mcp_jpsi_0p020458.root
11,443,jpsi,0.02045833,3418914,0.8406059868639,18.308398393895743,1,0.2823651666115423,6.149913328799392,-7.147241454324899,29.166085830669125,40.103492857142854,1,0.5582408202523577,12.15848506509635,-7.141281364242543,29.14235815037632,-44.94605428571428,85.04955066154415,0.01648131799604929,/pscratch/sd/h/hogcai/mcp-geant4/output/mcp_jpsi_0p020458.root
11,443,jpsi,0.02045833,3648489,0.7131685412774602,15.532810829023084,1,0.3380949337108,7.363707656221225,47.61031975945172,-12.86658039383743,28.21720571428572,1,0.3750736075666602,8.16910317280186,47.61706520907551,-12.868693013662192,42.304657142857145,14.087453201931579,0.028748809452425604,/pscratch/sd/h/hogcai/mcp-geant4/output/mcp_jpsi_0p020458.root
11,443,jpsi,0.02045833,4782584,1.5357388231895657,33.44839156906874,1,0.6002109467869452,13.072594421019668,-5.067696683146483,29.550929258116224,44.06558857142857,1,0.9355278764026204,20.375797148049074,-5.062420899760716,29.523092877361726,-53.310478571428575,97.37607126449602,0.01667041746275118,/pscratch/sd/h/hogcai/mcp-geant4/output/mcp_jpsi_0p020458.root
11,443,jpsi,0.02045833,4863758,0.9594806117829575,20.897487724632818,1,0.5835987474384815,12.710780719210128,-11.856539755821178,-30.85247225126592,-26.896507142857143,1,0.375881864344476,8.186707005422688,-11.857209883048931,-30.854111358004552,-21.613712857142854,5.282794582502422,0.019205651185652962,/pscratch/sd/h/hogcai/mcp-geant4/output/mcp_jpsi_0p020458.root
11,443,jpsi,0.02045833,5309865,1.1935444367224173,25.99539783181425,1,0.8137890217188565,17.724324893036695,-36.91762576000535,-42.28083288839484,14.129754285714284,1,0.37975541500356075,8.271072938777554,-36.895750847973964,-42.25591731579719,-47.147218571428574,61.27698182704952,0.03100151476016072,/pscratch/sd/h/hogcai/mcp-geant4/output/mcp_jpsi_0p020458.root
11,443,jpsi,0.02045833,5346941,1.1609841684115163,25.286235188002827,1,0.5358699075881033,11.67124658726889,-10.495122218872229,9.768110056363568,28.21720571428572,1,0.6251142608234131,13.61498860073394,-10.487547757787642,9.760826884657773,-51.10931428571429,79.32652069596557,0.007589659623142629,/pscratch/sd/h/hogcai/mcp-geant4/output/mcp_jpsi_0p020458.root
11,443,jpsi,0.02045833,6063338,1.1326438752498063,24.668983602940777,1,0.8117712525560932,17.68037788067171,34.62268304897911,-15.199525842910745,44.94605428571428,1,0.32087262269371297,6.988605722269069,34.60069913225003,-15.1902701326625,-19.852781428571426,64.7988401044938,0.021090970785587,/pscratch/sd/h/hogcai/mcp-geant4/output/mcp_jpsi_0p020458.root
11,443,jpsi,0.02045833,8492786,0.9974213554185241,21.723837121015457,1,0.33581761281161526,7.314107607036981,50.733855863907586,-38.22189382285362,18.532082857142857,1,0.6616037426069088,14.409729513978474,50.74383754841358,-38.22947770940671,39.22302714285714,20.69094808325354,0.034713513877114216,/pscratch/sd/h/hogcai/mcp-geant4/output/mcp_jpsi_0p020458.root
11,443,jpsi,0.02045833,8859262,1.082934973216447,23.58632371665422,1,0.30858718828854076,6.721028960924418,35.74539582111507,-29.206793450975113,26.45627428571429,1,0.7743477849279063,16.865294755729803,35.7250904078706,-29.19165678113642,-29.537904285714284,55.99418429906459,0.025915159030030614,/pscratch/sd/h/hogcai/mcp-geant4/output/mcp_jpsi_0p020458.root
12,443,jpsi,0.21493185,2535175,1.213402856121434,26.427914206324836,1,0.648915398179975,14.133377372359856,-31.456343137823932,-51.02260280226224,-34.38046571428571,1,0.5644874579414592,12.294536833964981,-31.458325617572513,-51.02587277895524,-27.77697285714286,6.603493964357824,0.03317926171984439,/pscratch/sd/h/hogcai/mcp-geant4/output/mcp_jpsi_0p214932.root
12,443,jpsi,0.21493185,2997901,0.8957886785489326,19.510277418795752,1,0.6209893158432468,13.525147299065916,-50.60675962589196,-9.065806304855526,54.19094428571428,1,0.27479936270568583,5.985130119729837,-50.56468498176906,-9.057778608615177,-32.61953428571429,86.81048913881342,0.02827061751898796,/pscratch/sd/h/hogcai/mcp-geant4/output/mcp_jpsi_0p214932.root
12,443,jpsi,0.21493185,3112215,0.5490264353161707,11.957795761186198,1,0.28785357894511304,6.269450949424562,-33.27402538017154,-9.549094134401175,19.85278142857143,1,0.26117285637105764,5.6883448117616355,-33.25984512359456,-9.544596449705947,-26.01604142857143,45.86882526955313,0.018582511371388603,/pscratch/sd/h/hogcai/mcp-geant4/output/mcp_jpsi_0p214932.root
12,443,jpsi,0.21493185,3481951,1.166318952376683,25.40242678276416,1,0.9194165722281057,20.024892943128144,-26.58025904629694,-24.598202035500844,37.46209571428572,1,0.2469023801485773,5.377533839636014,-26.566819568052153,-24.586543561032826,-13.249288571428568,50.71138740670573,0.0201016253933906,/pscratch/sd/h/hogcai/mcp-geant4/output/mcp_jpsi_0p214932.root
12,443,jpsi,0.21493185,3564420,0.7371732891745075,16.055634238220776,1,0.4790575888790133,10.43387428578491,-52.67894757102315,-7.431901640002903,45.38628714285714,1,0.25811570029549424,5.621759952435865,-52.629113404165125,-7.425572701436437,-52.430012857142856,97.81631289917674,0.029424763936639148,/pscratch/sd/h/hogcai/mcp-geant4/output/mcp_jpsi_0p214932.root
12,443,jpsi,0.21493185,4634982,0.9594804387173774,20.89748395526448,1,0.5835987474384815,12.710780719210128,-27.027706919514447,-24.854129601060713,-42.74489,1,0.37588169127889587,8.186703236054353,-27.029090227646044,-24.855487354771334,-37.46209571428572,5.282794641306057,0.0210223674137651,/pscratch/sd/h/hogcai/mcp-geant4/output/mcp_jpsi_0p214932.root
12,443,jpsi,0.21493185,4794348,1.1274683221659405,24.556260056774185,1,0.5281451067322249,11.50300042462786,-51.12976867814151,-7.526629438077821,45.38628714285714,1,0.5993232154337155,13.053259632146323,-51.09570561269492,-7.521355350606275,-25.57580857142857,70.96210408571517,0.027830704712584288,/pscratch/sd/h/hogcai/mcp-geant4/output/mcp_jpsi_0p214932.root
12,443,jpsi,0.21493185,5367571,0.836652342969092,18.222288029866824,1,0.32546483166410256,7.088624033644154,-23.261497235772033,-12.68489819311284,15.890685714285715,1,0.5111875113049894,11.13366399622267,-23.26486032345378,-12.686905554804392,31.73906857142857,15.848383341099472,0.014159514522686855,/pscratch/sd/h/hogcai/mcp-geant4/output/mcp_jpsi_0p214932.root
12,443,jpsi,0.21493185,6083381,1.7180360322994959,37.41882478348302,1,1.0211665114242994,22.241006618821242,49.60970119216817,27.872196984227536,51.10931428571429,1,0.6968695208751965,15.17781816466178,49.57363169306272,27.851600980160775,-25.135575714285714,76.24490131357145,0.031212754337043017,/pscratch/sd/h/hogcai/mcp-geant4/output/mcp_jpsi_0p214932.root
12,443,jpsi,0.21493185,6095836,0.8412290060016872,18.321967750716745,1,0.5095510798811079,11.098022519810531,-59.95954850794412,5.664143187004097,12.809055714285714,1,0.33167792612057917,7.223945230906215,-59.93351431020665,5.661715889729661,-33.05976714285714,45.86883030960321,0.03266093705392852,/pscratch/sd/h/hogcai/mcp-geant4/output/mcp_jpsi_0p214932.root
12,443,jpsi,0.21493185,6344098,0.6095369733886065,13.275715280403848,1,0.3293104638795068,7.172381903295658,50.13618775150803,25.928436988190743,28.65743857142857,1,0.2802265095090996,6.10333337710819,50.14456015876614,25.932672382472067,45.82652,17.169083992359184,0.03131158896697487,/pscratch/sd/h/hogcai/mcp-geant4/output/mcp_jpsi_0p214932.root
12,443,jpsi,0.21493185,6797045,0.6932506835865014,15.098999888514003,1,0.2943766652533057,6.411523769216998,-62.115550469249605,-37.63938247027811,27.77697285714286,1,0.39887401833319575,8.687476119297004,-62.12839097261735,-37.64685328026714,49.78861571428572,22.01164787020583,0.038668999913057556,/pscratch/sd/h/hogcai/mcp-geant4/output/mcp_jpsi_0p214932.root
12,443,jpsi,0.21493185,7162433,0.9756392592470671,21.24942306640112,1,0.5437088876651173,11.841979573346254,-23.827039402425175,-11.045007205086304,26.01604142857143,1,0.4319303715819498,9.407443493054867,-23.816531083694763,-11.040230193327165,-19.41254857142857,45.42859146652804,0.01455855198517434,/pscratch/sd/h/hogcai/mcp-geant4/output/mcp_jpsi_0p214932.root
12,443,jpsi,0.21493185,7245703,0.9899238441573237,21.560541325746513,1,0.7277394281835281,15.850164745837242,31.758975012723816,-40.64213334400235,15.01022,1,0.26218441597379566,5.71037657990927,31.745292310121236,-40.625355327472505,-29.537904285714284,44.5481295465212,0.02784511905171278,/pscratch/sd/h/hogcai/mcp-geant4/output/mcp_jpsi_0p214932.root
12,443,jpsi,0.21493185,7865104,1.6764303026381173,36.5126519914582,1,1.1690312258753752,25.461500099565672,63.555742529099426,4.074293477906943,41.86442428571429,1,0.5073990767627421,11.051151891892523,63.50030603176458,4.071108297923817,-48.90815,90.77259126964552,0.035049302657946896,/pscratch/sd/h/hogcai/mcp-geant4/output/mcp_jpsi_0p214932.root
12,443,jpsi,0.21493185,8135314,1.1821209441071105,25.746594162652872,1,0.4380978557339378,9.541771297885166,-32.1812006911925,-8.381317622362873,13.689521428571428,1,0.7440230883731729,16.204822864767706,-32.169107423558735,-8.377786599574826,-25.57580857142857,39.265332021060814,0.018383266618450283,/pscratch/sd/h/hogcai/mcp-geant4/output/mcp_jpsi_0p214932.root
12,443,jpsi,0.21493185,8212397,0.5834722602699445,12.708025828679393,1,0.3299714425889412,7.186778019587139,-63.59960840614697,-38.72172955578859,19.85278142857143,1,0.25350081768100335,5.521247809092253,-63.60743548473795,-38.72646128925233,32.61953428571429,12.766756133326357,0.04104700435599751,/pscratch/sd/h/hogcai/mcp-geant4/output/mcp_jpsi_0p214932.root
12,443,jpsi,0.21493185,8560319,1.5509242101605574,33.77912929729694,1,0.8484701745094362,18.47968040081552,-22.272865496838445,-20.670498059596127,-45.82652,1,0.7024540356511212,15.29944889648142,-22.279694684562877,-20.67686878832207,-13.689521428571425,32.136999928493516,0.01665080676522678,/pscratch/sd/h/hogcai/mcp-geant4/output/mcp_jpsi_0p214932.root
12,443,jpsi,0.21493185,8801243,0.702074295496304,15.291178155909503,1,0.26854497896538443,5.848909641866073,-62.11386654174927,-39.12527716986447,-46.706985714285715,1,0.4335293165309196,9.442268514043429,-62.129332158262386,-39.13537627727025,-21.173479999999998,25.53351239525667,0.04144786370178011,/pscratch/sd/h/hogcai/mcp-geant4/output/mcp_jpsi_0p214932.root
12,443,jpsi,0.21493185,8998871,0.6100727916257398,13.287385401608613,1,0.2530387522296363,5.511184023561479,22.04353265204159,-0.3809529908274498,21.17348,1,0.3570340393961035,7.776201378047134,22.04603735846149,-0.3812935377888468,33.05976714285715,11.886287411634365,0.012184585111968411,/pscratch/sd/h/hogcai/mcp-geant4/output/mcp_jpsi_0p214932.root
12,443,jpsi,0.21493185,9041005,1.2746390506562109,27.761638523292273,1,1.0189221092842782,22.19212354021158,-50.78183748024618,-7.718791149222525,47.587451428571434,1,0.25571694137193274,5.569514983080695,-50.74611680774276,-7.714172059872164,-25.57580857142857,73.16326886580472,0.028206562638096414,/pscratch/sd/h/hogcai/mcp-geant4/output/mcp_jpsi_0p214932.root
12,443,jpsi,0.21493185,9327685,0.8172891823229219,17.800558390993242,1,0.49957704698212074,10.880788083270591,-22.56008575286564,-20.201147173681953,38.78279428571429,1,0.31771213534080117,6.91977030772265,-22.56299349010413,-20.20401184266526,52.430012857142856,13.647219181855657,0.017136907323913243,/pscratch/sd/h/hogcai/mcp-geant4/output/mcp_jpsi_0p214932.root
12,443,jpsi,0.21493185,9568275,1.3108210406359546,28.549682265051096,1,0.856128307211152,18.646474531058892,-21.459767681745056,30.92157062751292,-17.21138428571428,1,0.45469273342480265,9.903207733992202,-21.460478550583765,30.9225023554543,-13.689521428571425,3.5218630521321965,0.019065879095135865,/pscratch/sd/h/hogcai/mcp-geant4/output/mcp_jpsi_0p214932.root
12,443,jpsi,0.21493185,9593928,1.2385689271680056,26.976031233719166,1,1.0172347917471543,22.15537376425302,-62.87342143647402,-39.829109802530716,41.86442428571429,1,0.2213341354208514,4.820657469466144,-62.82344803419262,-39.79791829437849,-38.78279428571428,80.64724008643377,0.041851749079504244,/pscratch/sd/h/hogcai/mcp-geant4/output/mcp_jpsi_0p214932.root
14,0,dy,0.02045833,200393,0.7138322356746662,15.547266092994231,1,0.4143669482267746,9.024912132379152,-46.37094316938132,-3.66557411088707,42.744890000000005,1,0.29946528744789164,6.52235396061508,-46.3368186838127,-3.6618981540413644,-33.5,76.24489772506271,0.025791894742832895,/pscratch/sd/h/hogcai/mcp-geant4/output/mcp_dy_0p020458.root
14,0,dy,0.02045833,2305247,0.9506143182557237,20.704379851609666,1,0.2653613588333502,5.779570395390368,-41.460482883327124,37.71737969823943,25.575808571428574,1,0.6852529594223735,14.924809456219297,-41.430117560268954,37.69055860899159,-48.90815,74.48396959006656,0.031165219205945324,/pscratch/sd/h/hogcai/mcp-geant4/output/mcp_dy_0p020458.root
14,0,dy,0.02045833,2415811,0.5876715943597765,12.799487325155932,1,0.2390997966743766,5.207593571567923,-27.936863888160918,26.28375125401365,-54.19094428571428,1,0.3485717976853998,7.591893753588009,-27.937575542489753,26.284417011512364,-51.54954714285715,2.6413973226265566,0.021138719812168933,/pscratch/sd/h/hogcai/mcp-geant4/output/mcp_dy_0p020458.root
14,0,dy,0.02045833,2681427,1.0859393774886132,23.651759641701997,1,0.297151262907364,6.471954506122388,-21.273556289825585,47.99148606368122,29.537904285714284,1,0.7887881145812492,17.17980513557961,-21.277962498575736,48.00078002562791,50.22884857142857,20.69094684220461,0.028481937476848428,/pscratch/sd/h/hogcai/mcp-geant4/output/mcp_dy_0p020458.root
14,0,dy,0.02045833,3344809,0.8354672387163449,18.196476459241993,1,0.33420671419515485,7.279022235170473,-32.58647256081291,-29.17297525790959,-46.266752857142855,1,0.50126052452119,10.917454224071518,-32.58757207976754,-29.173966288775745,-42.74489,3.521863168211757,0.02408128686383007,/pscratch/sd/h/hogcai/mcp-geant4/output/mcp_dy_0p020458.root
14,0,dy,0.02045833,3774723,1.5802921466435864,34.418762953897314,1,1.0776802817228022,23.471876535922632,58.41032621182052,-27.297240754902628,43.18512285714286,1,0.5026118649207842,10.946886417974682,58.36103520583483,-27.274038642698464,-44.50582142857142,87.69096120844797,0.035595531493395755,/pscratch/sd/h/hogcai/mcp-geant4/output/mcp_dy_0p020458.root
14,0,dy,0.02045833,5448949,0.9028351689843728,19.66374998047964,1,0.27539526045539175,5.998108772718433,53.70884377659873,-3.150328523959487,32.61953428571429,1,0.627439908528981,13.665641207761206,53.678347873423334,-3.1482400225904548,-26.456274285714283,59.07581647958851,0.029646299446311,/pscratch/sd/h/hogcai/mcp-geant4/output/mcp_dy_0p020458.root
14,0,dy,0.02045833,6484423,0.5805367669732335,12.644090784677026,1,0.29376626046276033,6.39822915287892,-30.6838208855251,-51.5427763919879,22.49417857142857,1,0.28677050651047314,6.245861631798105,-30.666793604628083,-51.5137920159235,-36.141397142857144,58.63558535026391,0.032847695644122224,/pscratch/sd/h/hogcai/mcp-geant4/output/mcp_dy_0p020458.root
14,0,dy,0.02045833,6558990,0.6318308850663811,13.761276676745782,1,0.4202454180739017,9.15294520564958,8.645259319431483,29.263446236590397,52.430012857142856,1,0.2115854669924794,4.608331471096202,8.638905249878437,29.241973455587974,-24.255109999999995,76.68512612671128,0.016731207243599503,/pscratch/sd/h/hogcai/mcp-geant4/output/mcp_dy_0p020458.root
14,0,dy,0.02045833,6613039,1.2456076766644522,27.129335197751768,1,0.7647442441674579,16.656129637967233,-21.65124612692504,-9.359457914759794,48.027684285714294,1,0.48086343249699426,10.473205559784535,-21.637436981992444,-9.354301190241836,-15.890685714285713,63.91837169970143,0.013213293998083285,/pscratch/sd/h/hogcai/mcp-geant4/output/mcp_dy_0p020458.root
14,0,dy,0.02045833,7227371,1.2329147803216285,26.85288391540507,1,0.9984274395325161,21.745749633018203,-39.25096763277957,26.24890504874486,19.41254857142857,1,0.23448734078911232,5.107134282386866,-39.25232399376315,26.249784674960758,22.93441142857143,3.521863228176226,0.0263001287166605,/pscratch/sd/h/hogcai/mcp-geant4/output/mcp_dy_0p020458.root
14,0,dy,0.02045833,7993097,1.240944289392019,27.027766622958175,1,0.3837535444752139,8.35815219867016,46.13228978997725,-10.383805753254489,22.49417857142857,1,0.857190744916805,18.669614424288014,46.10378002852752,-10.377428457656894,-42.304657142857145,64.79884229986973,0.025831591125366298,/pscratch/sd/h/hogcai/mcp-geant4/output/mcp_dy_0p020458.root
14,0,dy,0.02045833,8120220,0.8449804864737059,18.403674995397317,1,0.47695964851212397,10.38818114459406,27.702285214800355,14.728587076721052,-54.19094428571428,1,0.36802083796158197,8.015493850803256,27.71004080850718,14.732688603106286,-25.135575714285714,29.055369895998766,0.01730062998212486,/pscratch/sd/h/hogcai/mcp-geant4/output/mcp_dy_0p020458.root
14,0,dy,0.02045833,8787536,1.0528736885126206,22.931588935804875,1,0.3822381579347006,8.32514707981778,-34.742258654233694,-26.931220712326912,38.78279428571429,1,0.6706355305779199,14.606441855987097,-34.71907260355851,-26.91353958174462,-31.298835714285712,70.08163606589264,0.023838716940814457,/pscratch/sd/h/hogcai/mcp-geant4/output/mcp_dy_0p020458.root
14,0,dy,0.02045833,8977735,0.4706045136284066,10.249766306826697,1,0.22565715358636596,4.914812805111051,-11.664094776749986,25.969878881854562,-29.97813714285714,1,0.24494736004204062,5.334953501715645,-11.665008492740487,25.97198156298844,-21.613712857142854,8.364424599910732,0.015704359587147828,/pscratch/sd/h/hogcai/mcp-geant4/output/mcp_dy_0p020458.root
14,0,dy,0.02045833,9178592,1.6644712755312467,36.252184381070556,1,0.6847392604967366,14.913621093618925,-6.0232155174537105,-20.412306500880838,-53.75071142857142,1,0.9797320150345101,21.33856328745163,-6.0250569486224625,-20.418294352055636,-24.255109999999995,29.49560209384401,0.012169109848392472,/pscratch/sd/h/hogcai/mcp-geant4/output/mcp_dy_0p020458.root
14,0,dy,0.02045833,9790921,0.9343668438320625,20.35050985866232,1,0.4490042252854374,9.779312026716827,9.014089319465189,-46.80561269435745,44.94605428571428,1,0.4853626185466251,10.571197831945495,9.007436070120598,-46.77376687441569,-29.097671428571424,74.04373286156194,0.02517466875198626,/pscratch/sd/h/hogcai/mcp-geant4/output/mcp_dy_0p020458.root
